<manifest alg="2" build="2018.0.0.379" opt="false" iceEnabled="true" iceMarkupVersion="2" iceEnabledOptions="link,responsive,cachebuster,textStyling" exportTarget="other" domain="ruroza.com" resolutions="1x" timestamp="1621298275278">
  <folder name="css">
    <file name="site_global.css" crc="444006867"/>
    <file name="master_a-p_g_-maestra.css" crc="366741823" ref="misión:ofertas:nosotros:tienda:equipo:index:clientes:visión:contactos"/>
    <file name="nomq_preview_master_a-p_g_-maestra.css" crc="16226656" ref="misión:ofertas:nosotros:tienda:equipo:index:clientes:visión:contactos"/>
    <file name="misi_n.css" crc="3870218412" ref="misión"/>
    <file name="nomq_misi_n.css" crc="3898990494" ref="misión"/>
    <file name="ofertas.css" crc="3821154481" ref="ofertas"/>
    <file name="nomq_ofertas.css" crc="157276361" ref="ofertas"/>
    <file name="nosotros.css" crc="3800079866" ref="nosotros"/>
    <file name="nomq_nosotros.css" crc="448346819" ref="nosotros"/>
    <file name="tienda.css" crc="4029255369" ref="tienda"/>
    <file name="nomq_tienda.css" crc="4135601335" ref="tienda"/>
    <file name="equipo.css" crc="519965538" ref="equipo"/>
    <file name="nomq_equipo.css" crc="4277781998" ref="equipo"/>
    <file name="index.css" crc="3936256847" ref="index"/>
    <file name="nomq_index.css" crc="3837256750" ref="index"/>
    <file name="clientes.css" crc="4056918839" ref="clientes"/>
    <file name="nomq_clientes.css" crc="198999425" ref="clientes"/>
    <file name="visi_n.css" crc="408465509" ref="visión"/>
    <file name="nomq_visi_n.css" crc="340941634" ref="visión"/>
    <file name="contactos.css" crc="3882114847" ref="contactos"/>
    <file name="nomq_contactos.css" crc="3829299593" ref="contactos"/>
  </folder>
  <folder name="scripts">
    <file name="jquery-1.8.3.min.js" crc="209076791" ref="nosotros:ofertas:equipo:contactos:tienda:index:clientes:misión:visión"/>
    <file name="museutils.js" crc="3803043152" ref="nosotros:ofertas:equipo:contactos:tienda:index:clientes:misión:visión"/>
    <file name="whatinput.js" crc="86476730" ref="nosotros:ofertas:equipo:contactos:tienda:index:clientes:misión:visión"/>
    <file name="museconfig.js" crc="380897831" ref="nosotros:ofertas:equipo:contactos:tienda:index:clientes:misión:visión"/>
    <file name="jquery.watch.js" crc="99325471" ref="nosotros:ofertas:equipo:contactos:tienda:index:clientes:misión:visión"/>
    <file name="jquery.musemenu.js" crc="3784699396" ref="nosotros:ofertas:equipo:contactos:tienda:index:clientes:misión:visión"/>
    <file name="webpro.js" crc="242022427" ref="nosotros:ofertas:equipo:contactos:tienda:index:clientes:misión:visión"/>
    <file name="musewpdisclosure.js" crc="119288625" ref="nosotros:ofertas:equipo:contactos:tienda:index:clientes:misión:visión"/>
    <file name="html5shiv.js" crc="4241844378" ref="nosotros:ofertas:equipo:contactos:tienda:index:clientes:misión:visión"/>
    <file name="jquery.museresponsive.js" crc="3955820958" ref="nosotros:ofertas:equipo:contactos:tienda:index:clientes:misión:visión"/>
    <file name="require.js" crc="4157109226" ref="nosotros:ofertas:equipo:contactos:tienda:index:clientes:misión:visión"/>
    <file name="musewpslideshow.js" crc="457073769" ref="ofertas:equipo:index:clientes"/>
    <file name="jquery.museoverlay.js" crc="483674903" ref="ofertas:equipo:index:clientes"/>
    <file name="touchswipe.js" crc="4066113679" ref="ofertas:equipo:index:clientes"/>
    <file name="jquery.musepolyfill.bgsize.js" crc="4148998990" ref="equipo:contactos:index:clientes"/>
    <file name="form_check.php" crc="147359589" ref="contactos"/>
    <file name="form_throttle.php" crc="93986428" ref="contactos"/>
    <file name="form_process.php" crc="3851993751" ref="contactos"/>
    <file name="form-u107146.php" crc="3891901305" ref="contactos"/>
    <file name="form-u107500.php" crc="3806207923" ref="contactos"/>
  </folder>
  <folder name="images">
    <file name="a-pág.-maestra-favicon.ico" crc="4212737900" ref="nosotros"/>
    <file name="mesa-de-trabajo-1.svg" crc="4207094932" seo="true" ref="nosotros:ofertas:equipo:contactos:tienda:index:clientes:misión:visión">
      <caption webpage="misión" alt=""/>
      <caption webpage="misión" alt=""/>
      <caption webpage="misión" alt=""/>
      <caption webpage="tienda" alt=""/>
      <caption webpage="tienda" alt=""/>
      <caption webpage="tienda" alt=""/>
      <caption webpage="equipo" alt=""/>
      <caption webpage="equipo" alt=""/>
      <caption webpage="equipo" alt=""/>
      <caption webpage="ofertas" alt=""/>
      <caption webpage="ofertas" alt=""/>
      <caption webpage="ofertas" alt=""/>
      <caption webpage="index" alt=""/>
      <caption webpage="index" alt=""/>
      <caption webpage="index" alt=""/>
      <caption webpage="visión" alt=""/>
      <caption webpage="visión" alt=""/>
      <caption webpage="visión" alt=""/>
      <caption webpage="clientes" alt=""/>
      <caption webpage="clientes" alt=""/>
      <caption webpage="clientes" alt=""/>
      <caption webpage="nosotros" alt=""/>
      <caption webpage="nosotros" alt=""/>
      <caption webpage="nosotros" alt=""/>
      <caption webpage="contactos" alt=""/>
      <caption webpage="contactos" alt=""/>
      <caption webpage="contactos" alt=""/>
    </file>
    <file name="mesa de trabajo 1_poster_.png" crc="509373288" ref="nosotros"/>
    <file name="blank.gif" crc="4208392903" ref="nosotros:ofertas:equipo:contactos:tienda:index:clientes:misión:visión"/>
    <file name="u1391.png" crc="405246772" ref="nosotros:ofertas:equipo:contactos:tienda:index:clientes:misión:visión"/>
    <file name="u1391-r.png" crc="4112678386" ref="nosotros:ofertas:equipo:contactos:tienda:index:clientes:misión:visión"/>
    <file name="u1391-m.png" crc="4156081654" ref="nosotros:ofertas:equipo:contactos:tienda:index:clientes:misión:visión"/>
    <file name="u1391-a.png" crc="4230700343" ref="nosotros:ofertas:equipo:contactos:tienda:index:clientes:misión:visión"/>
    <file name="u1348.png" crc="270387440" ref="nosotros:ofertas:equipo:contactos:tienda:index:clientes:misión:visión"/>
    <file name="u1348-r.png" crc="48293242" ref="nosotros:ofertas:equipo:contactos:tienda:index:clientes:misión:visión"/>
    <file name="u1348-m.png" crc="4225563424" ref="nosotros:ofertas:equipo:contactos:tienda:index:clientes:misión:visión"/>
    <file name="u1348-a.png" crc="4206370767" ref="nosotros:ofertas:equipo:contactos:tienda:index:clientes:misión:visión"/>
    <file name="u396.png" crc="3802938456" ref="nosotros:ofertas:equipo:contactos:tienda:index:clientes:misión:visión"/>
    <file name="u396-r.png" crc="502380791" ref="nosotros:ofertas:equipo:contactos:tienda:index:clientes:misión:visión"/>
    <file name="u396-m.png" crc="4073289775" ref="nosotros:ofertas:equipo:contactos:tienda:index:clientes:misión:visión"/>
    <file name="u396-a.png" crc="4027421068" ref="nosotros:ofertas:equipo:contactos:tienda:index:clientes:misión:visión"/>
    <file name="u1805.png" crc="4138104034" ref="nosotros:ofertas:equipo:contactos:tienda:index:clientes:misión:visión"/>
    <file name="u1805-r.png" crc="427756877" ref="nosotros:ofertas:equipo:contactos:tienda:index:clientes:misión:visión"/>
    <file name="u1805-m.png" crc="4005965590" ref="nosotros:ofertas:equipo:contactos:tienda:index:clientes:misión:visión"/>
    <file name="u1805-a.png" crc="294202184" ref="nosotros:ofertas:equipo:contactos:tienda:index:clientes:misión:visión"/>
    <file name="u363.png" crc="342226613" ref="nosotros:ofertas:equipo:contactos:tienda:index:clientes:misión:visión"/>
    <file name="u363-r.png" crc="3997227915" ref="nosotros:ofertas:equipo:contactos:tienda:index:clientes:misión:visión"/>
    <file name="u363-m.png" crc="423528737" ref="nosotros:ofertas:equipo:contactos:tienda:index:clientes:misión:visión"/>
    <file name="u363-a.png" crc="32149212" ref="nosotros:ofertas:equipo:contactos:tienda:index:clientes:misión:visión"/>
    <file name="u1944.png" crc="231090175" ref="nosotros:ofertas:equipo:contactos:tienda:index:clientes:misión:visión"/>
    <file name="u1944-r.png" crc="4164594761" ref="nosotros:ofertas:equipo:contactos:tienda:index:clientes:misión:visión"/>
    <file name="u1944-m.png" crc="4164594761" ref="nosotros:ofertas:equipo:contactos:tienda:index:clientes:misión:visión"/>
    <file name="u1944-a.png" crc="3832640023" ref="nosotros:ofertas:equipo:contactos:tienda:index:clientes:misión:visión"/>
    <file name="u1926.png" crc="269316443" ref="nosotros:ofertas:equipo:contactos:tienda:index:clientes:misión:visión"/>
    <file name="u1926-r.png" crc="127532742" ref="nosotros:ofertas:equipo:contactos:tienda:index:clientes:misión:visión"/>
    <file name="u1926-m.png" crc="127532742" ref="nosotros:ofertas:equipo:contactos:tienda:index:clientes:misión:visión"/>
    <file name="u1926-a.png" crc="130270650" ref="nosotros:ofertas:equipo:contactos:tienda:index:clientes:misión:visión"/>
    <file name="u424.png" crc="367065427" ref="nosotros:ofertas:equipo:contactos:tienda:index:clientes:misión:visión"/>
    <file name="u424-r.png" crc="208301823" ref="nosotros:ofertas:equipo:contactos:tienda:index:clientes:misión:visión"/>
    <file name="u424-m.png" crc="4124907467" ref="nosotros:ofertas:equipo:contactos:tienda:index:clientes:misión:visión"/>
    <file name="u424-a.png" crc="3855099972" ref="nosotros:ofertas:equipo:contactos:tienda:index:clientes:misión:visión"/>
    <file name="u451.png" crc="4206976132" ref="nosotros:ofertas:equipo:contactos:tienda:index:clientes:misión:visión"/>
    <file name="u451-r.png" crc="4190407632" ref="nosotros:ofertas:equipo:contactos:tienda:index:clientes:misión:visión"/>
    <file name="u451-m.png" crc="4222141112" ref="nosotros:ofertas:equipo:contactos:tienda:index:clientes:misión:visión"/>
    <file name="u451-a.png" crc="3783525255" ref="nosotros:ofertas:equipo:contactos:tienda:index:clientes:misión:visión"/>
    <file name="dc7fdfa868c61152ca9b926244516e02.gif" crc="24494190" seo="true" ref="nosotros">
      <caption webpage="nosotros" alt=""/>
      <caption webpage="nosotros" alt=""/>
      <caption webpage="nosotros" alt=""/>
    </file>
    <file name="recurso 45.png" crc="133999031" seo="true" ref="nosotros">
      <caption webpage="nosotros" alt=""/>
      <caption webpage="nosotros" alt=""/>
      <caption webpage="nosotros" alt=""/>
    </file>
    <file name="u1771-15.png" crc="4232410388" ref="nosotros"/>
    <file name="recurso 4pie.png" crc="3972124523" seo="true" ref="nosotros:ofertas:equipo:contactos:tienda:index:clientes:misión:visión">
      <caption webpage="misión" alt=""/>
      <caption webpage="misión" alt=""/>
      <caption webpage="misión" alt=""/>
      <caption webpage="tienda" alt=""/>
      <caption webpage="tienda" alt=""/>
      <caption webpage="tienda" alt=""/>
      <caption webpage="equipo" alt=""/>
      <caption webpage="equipo" alt=""/>
      <caption webpage="equipo" alt=""/>
      <caption webpage="ofertas" alt=""/>
      <caption webpage="ofertas" alt=""/>
      <caption webpage="ofertas" alt=""/>
      <caption webpage="index" alt=""/>
      <caption webpage="index" alt=""/>
      <caption webpage="index" alt=""/>
      <caption webpage="visión" alt=""/>
      <caption webpage="visión" alt=""/>
      <caption webpage="visión" alt=""/>
      <caption webpage="clientes" alt=""/>
      <caption webpage="clientes" alt=""/>
      <caption webpage="clientes" alt=""/>
      <caption webpage="nosotros" alt=""/>
      <caption webpage="nosotros" alt=""/>
      <caption webpage="nosotros" alt=""/>
      <caption webpage="contactos" alt=""/>
      <caption webpage="contactos" alt=""/>
      <caption webpage="contactos" alt=""/>
    </file>
    <file name="recurso 5pie.png" crc="338104325" seo="true" ref="nosotros:ofertas:equipo:contactos:tienda:index:clientes:misión:visión">
      <caption webpage="misión" alt=""/>
      <caption webpage="misión" alt=""/>
      <caption webpage="misión" alt=""/>
      <caption webpage="tienda" alt=""/>
      <caption webpage="tienda" alt=""/>
      <caption webpage="tienda" alt=""/>
      <caption webpage="equipo" alt=""/>
      <caption webpage="equipo" alt=""/>
      <caption webpage="equipo" alt=""/>
      <caption webpage="ofertas" alt=""/>
      <caption webpage="ofertas" alt=""/>
      <caption webpage="ofertas" alt=""/>
      <caption webpage="index" alt=""/>
      <caption webpage="index" alt=""/>
      <caption webpage="index" alt=""/>
      <caption webpage="visión" alt=""/>
      <caption webpage="visión" alt=""/>
      <caption webpage="visión" alt=""/>
      <caption webpage="clientes" alt=""/>
      <caption webpage="clientes" alt=""/>
      <caption webpage="clientes" alt=""/>
      <caption webpage="nosotros" alt=""/>
      <caption webpage="nosotros" alt=""/>
      <caption webpage="nosotros" alt=""/>
      <caption webpage="contactos" alt=""/>
      <caption webpage="contactos" alt=""/>
      <caption webpage="contactos" alt=""/>
    </file>
    <file name="recurso 6pie.png" crc="4252737814" seo="true" ref="nosotros:ofertas:equipo:contactos:tienda:index:clientes:misión:visión">
      <caption webpage="misión" alt=""/>
      <caption webpage="misión" alt=""/>
      <caption webpage="misión" alt=""/>
      <caption webpage="tienda" alt=""/>
      <caption webpage="tienda" alt=""/>
      <caption webpage="tienda" alt=""/>
      <caption webpage="equipo" alt=""/>
      <caption webpage="equipo" alt=""/>
      <caption webpage="equipo" alt=""/>
      <caption webpage="ofertas" alt=""/>
      <caption webpage="ofertas" alt=""/>
      <caption webpage="ofertas" alt=""/>
      <caption webpage="index" alt=""/>
      <caption webpage="index" alt=""/>
      <caption webpage="index" alt=""/>
      <caption webpage="visión" alt=""/>
      <caption webpage="visión" alt=""/>
      <caption webpage="visión" alt=""/>
      <caption webpage="clientes" alt=""/>
      <caption webpage="clientes" alt=""/>
      <caption webpage="clientes" alt=""/>
      <caption webpage="nosotros" alt=""/>
      <caption webpage="nosotros" alt=""/>
      <caption webpage="nosotros" alt=""/>
      <caption webpage="contactos" alt=""/>
      <caption webpage="contactos" alt=""/>
      <caption webpage="contactos" alt=""/>
    </file>
    <file name="u86474-13.png" crc="4125774334" ref="nosotros:ofertas:equipo:contactos:tienda:index:clientes:misión:visión"/>
    <file name="u87133-4.png" crc="296882775" ref="nosotros:ofertas:equipo:contactos:tienda:index:clientes:misión:visión"/>
    <file name="u79846.png" crc="253734623" ref="nosotros:ofertas:equipo:contactos:tienda:index:clientes:misión:visión"/>
    <file name="u79846-r.png" crc="4163525857" ref="nosotros:ofertas:equipo:contactos:tienda:index:clientes:misión:visión"/>
    <file name="u79846-m.png" crc="218087193" ref="nosotros:ofertas:equipo:contactos:tienda:index:clientes:misión:visión"/>
    <file name="u79846-a.png" crc="172857962" ref="nosotros:ofertas:equipo:contactos:tienda:index:clientes:misión:visión"/>
    <file name="u79853.png" crc="3795283440" ref="nosotros:ofertas:equipo:contactos:tienda:index:clientes:misión:visión"/>
    <file name="u79853-r.png" crc="69135308" ref="nosotros:ofertas:equipo:contactos:tienda:index:clientes:misión:visión"/>
    <file name="u79853-m.png" crc="4256099019" ref="nosotros:ofertas:equipo:contactos:tienda:index:clientes:misión:visión"/>
    <file name="u79853-a.png" crc="3905455862" ref="nosotros:ofertas:equipo:contactos:tienda:index:clientes:misión:visión"/>
    <file name="u79815.png" crc="4140880942" ref="nosotros:ofertas:equipo:contactos:tienda:index:clientes:misión:visión"/>
    <file name="u79815-r.png" crc="528195004" ref="nosotros:ofertas:equipo:contactos:tienda:index:clientes:misión:visión"/>
    <file name="u79815-m.png" crc="428808396" ref="nosotros:ofertas:equipo:contactos:tienda:index:clientes:misión:visión"/>
    <file name="u79815-a.png" crc="4245642946" ref="nosotros:ofertas:equipo:contactos:tienda:index:clientes:misión:visión"/>
    <file name="u79797.png" crc="4039252016" ref="nosotros:ofertas:equipo:contactos:tienda:index:clientes:misión:visión"/>
    <file name="u79797-r.png" crc="202166456" ref="nosotros:ofertas:equipo:contactos:tienda:index:clientes:misión:visión"/>
    <file name="u79797-m.png" crc="4278392432" ref="nosotros:ofertas:equipo:contactos:tienda:index:clientes:misión:visión"/>
    <file name="u79797-a.png" crc="3890072165" ref="nosotros:ofertas:equipo:contactos:tienda:index:clientes:misión:visión"/>
    <file name="u79825.png" crc="3845912632" ref="nosotros:ofertas:equipo:contactos:tienda:index:clientes:misión:visión"/>
    <file name="u79825-r.png" crc="386236307" ref="nosotros:ofertas:equipo:contactos:tienda:index:clientes:misión:visión"/>
    <file name="u79825-m.png" crc="121391333" ref="nosotros:ofertas:equipo:contactos:tienda:index:clientes:misión:visión"/>
    <file name="u79825-a.png" crc="4289445230" ref="nosotros:ofertas:equipo:contactos:tienda:index:clientes:misión:visión"/>
    <file name="u79842.png" crc="79497705" ref="nosotros:ofertas:equipo:contactos:tienda:index:clientes:misión:visión"/>
    <file name="u79842-r.png" crc="79497705" ref="nosotros:ofertas:equipo:contactos:tienda:index:clientes:misión:visión"/>
    <file name="u79842-m.png" crc="79497705" ref="nosotros:ofertas:equipo:contactos:tienda:index:clientes:misión:visión"/>
    <file name="u79842-a.png" crc="263212882" ref="nosotros:ofertas:equipo:contactos:tienda:index:clientes:misión:visión"/>
    <file name="u79835.png" crc="529219410" ref="nosotros:ofertas:equipo:contactos:tienda:index:clientes:misión:visión"/>
    <file name="u79835-r.png" crc="529219410" ref="nosotros:ofertas:equipo:contactos:tienda:index:clientes:misión:visión"/>
    <file name="u79835-m.png" crc="529219410" ref="nosotros:ofertas:equipo:contactos:tienda:index:clientes:misión:visión"/>
    <file name="u79835-a.png" crc="3836516108" ref="nosotros:ofertas:equipo:contactos:tienda:index:clientes:misión:visión"/>
    <file name="u79808.png" crc="3886787636" ref="nosotros:ofertas:equipo:contactos:tienda:index:clientes:misión:visión"/>
    <file name="u79808-r.png" crc="4125395111" ref="nosotros:ofertas:equipo:contactos:tienda:index:clientes:misión:visión"/>
    <file name="u79808-m.png" crc="3807481882" ref="nosotros:ofertas:equipo:contactos:tienda:index:clientes:misión:visión"/>
    <file name="u79808-a.png" crc="341003456" ref="nosotros:ofertas:equipo:contactos:tienda:index:clientes:misión:visión"/>
    <file name="u79818.png" crc="230570315" ref="nosotros:ofertas:equipo:contactos:tienda:index:clientes:misión:visión"/>
    <file name="u79818-r.png" crc="3953058235" ref="nosotros:ofertas:equipo:contactos:tienda:index:clientes:misión:visión"/>
    <file name="u79818-m.png" crc="361919743" ref="nosotros:ofertas:equipo:contactos:tienda:index:clientes:misión:visión"/>
    <file name="u79818-a.png" crc="194001870" ref="nosotros:ofertas:equipo:contactos:tienda:index:clientes:misión:visión"/>
    <file name="u77300-12.png" crc="3875543125" ref="nosotros"/>
    <file name="u86963-13.png" crc="3816405732" ref="nosotros:ofertas:equipo:contactos:tienda:index:clientes:misión:visión"/>
    <file name="u87124-4.png" crc="457100661" ref="nosotros:ofertas:equipo:contactos:tienda:index:clientes:misión:visión"/>
    <file name="u77309-12.png" crc="267784378" ref="nosotros"/>
    <file name="recurso 2tt.png" crc="320781796" ref="nosotros:ofertas:equipo:contactos:tienda:index:clientes:misión:visión">
      <caption webpage="misión" alt=""/>
      <caption webpage="tienda" alt=""/>
      <caption webpage="equipo" alt=""/>
      <caption webpage="ofertas" alt=""/>
      <caption webpage="index" alt=""/>
      <caption webpage="visión" alt=""/>
      <caption webpage="clientes" alt=""/>
      <caption webpage="nosotros" alt=""/>
      <caption webpage="contactos" alt=""/>
    </file>
    <file name="recurso 1uno.png" crc="3833366927" ref="nosotros:ofertas:equipo:contactos:tienda:index:clientes:misión:visión">
      <caption webpage="misión" alt=""/>
      <caption webpage="tienda" alt=""/>
      <caption webpage="equipo" alt=""/>
      <caption webpage="ofertas" alt=""/>
      <caption webpage="index" alt=""/>
      <caption webpage="visión" alt=""/>
      <caption webpage="clientes" alt=""/>
      <caption webpage="nosotros" alt=""/>
      <caption webpage="contactos" alt=""/>
    </file>
    <file name="u110413.png" crc="241698919" ref="nosotros"/>
    <file name="u110413-r.png" crc="87310371" ref="nosotros"/>
    <file name="u110413-m.png" crc="3882316603" ref="nosotros"/>
    <file name="u110413-a.png" crc="3808769776" ref="nosotros"/>
    <file name="u110371.png" crc="334817386" ref="nosotros"/>
    <file name="u110371-r.png" crc="4244462699" ref="nosotros"/>
    <file name="u110371-m.png" crc="403432768" ref="nosotros"/>
    <file name="u110371-a.png" crc="297255085" ref="nosotros"/>
    <file name="u110367.png" crc="3799388071" ref="nosotros"/>
    <file name="u110367-r.png" crc="3812655357" ref="nosotros"/>
    <file name="u110367-m.png" crc="522118585" ref="nosotros"/>
    <file name="u110367-a.png" crc="3786086007" ref="nosotros"/>
    <file name="u110385.png" crc="214940088" ref="nosotros"/>
    <file name="u110385-r.png" crc="272565395" ref="nosotros"/>
    <file name="u110385-m.png" crc="257195304" ref="nosotros"/>
    <file name="u110385-a.png" crc="3838650567" ref="nosotros"/>
    <file name="u110407-4-a.png" crc="216914615" ref="nosotros"/>
    <file name="u110402.png" crc="3814616255" ref="nosotros"/>
    <file name="u110402-r.png" crc="3910221446" ref="nosotros"/>
    <file name="u110402-m.png" crc="343018118" ref="nosotros"/>
    <file name="u110402-a.png" crc="3846718654" ref="nosotros"/>
    <file name="u110398.png" crc="3905009572" ref="nosotros"/>
    <file name="u110398-r.png" crc="420567778" ref="nosotros"/>
    <file name="u110398-m.png" crc="4022468393" ref="nosotros"/>
    <file name="u110398-a.png" crc="4141241300" ref="nosotros"/>
    <file name="u110358.png" crc="3759443836" ref="nosotros"/>
    <file name="u110358-r.png" crc="4106815925" ref="nosotros"/>
    <file name="u110358-m.png" crc="3899420960" ref="nosotros"/>
    <file name="u110358-a.png" crc="4242434533" ref="nosotros"/>
    <file name="u110381.png" crc="127426129" ref="nosotros"/>
    <file name="u110381-r.png" crc="4239577032" ref="nosotros"/>
    <file name="u110381-m.png" crc="186774836" ref="nosotros"/>
    <file name="u110381-a.png" crc="3849909553" ref="nosotros"/>
    <file name="u87022-13.png" crc="4155777695" ref="nosotros:ofertas:equipo:contactos:tienda:index:clientes:misión:visión"/>
    <file name="u87142-5.png" crc="3838479961" ref="nosotros:ofertas:equipo:contactos:tienda:index:clientes:misión:visión"/>
    <file name="oferta_mesa de trabajo 1-u98083.png" crc="196282280" ref="ofertas"/>
    <file name="135940333_2868137623469519_3608855806027763338_n-crop-u97411.jpg" crc="460862631" seo="true" ref="ofertas">
      <caption webpage="ofertas" alt=""/>
    </file>
    <file name="136374951_2868137610136187_3526175086042269142_n-crop-u97792.jpg" crc="227993182" seo="true" ref="ofertas">
      <caption webpage="ofertas" alt=""/>
    </file>
    <file name="136634305_2868137626802852_5428734971684565768_n-crop-u97834.jpg" crc="4251019248" seo="true" ref="ofertas">
      <caption webpage="ofertas" alt=""/>
    </file>
    <file name="137064326_2868137613469520_7406936702665423807_n-crop-u97876.jpg" crc="124043480" seo="true" ref="ofertas">
      <caption webpage="ofertas" alt=""/>
    </file>
    <file name="131129554_2847484945534787_1035824332815291124_n (1)-crop-u97918.jpg" crc="492040069" seo="true" ref="ofertas">
      <caption webpage="ofertas" alt=""/>
    </file>
    <file name="136708583_2868137616802853_7604849662120527938_n-crop-u97960.jpg" crc="4153566238" seo="true" ref="ofertas">
      <caption webpage="ofertas" alt=""/>
    </file>
    <file name="136955655_2868137620136186_7448292881068452272_n-crop-u98002.jpg" crc="3954134353" seo="true" ref="ofertas">
      <caption webpage="ofertas" alt=""/>
    </file>
    <file name="135940333_2868137623469519_3608855806027763338_n-crop-u97421.jpg" crc="4097738939" seo="true" ref="ofertas">
      <caption webpage="ofertas" alt=""/>
    </file>
    <file name="136374951_2868137610136187_3526175086042269142_n-crop-u97780.jpg" crc="326293404" seo="true" ref="ofertas">
      <caption webpage="ofertas" alt=""/>
    </file>
    <file name="136634305_2868137626802852_5428734971684565768_n-crop-u97822.jpg" crc="116917532" seo="true" ref="ofertas">
      <caption webpage="ofertas" alt=""/>
    </file>
    <file name="137064326_2868137613469520_7406936702665423807_n-crop-u97864.jpg" crc="4077102314" seo="true" ref="ofertas">
      <caption webpage="ofertas" alt=""/>
    </file>
    <file name="131129554_2847484945534787_1035824332815291124_n (1)-crop-u97906.jpg" crc="4029955900" seo="true" ref="ofertas">
      <caption webpage="ofertas" alt=""/>
    </file>
    <file name="136708583_2868137616802853_7604849662120527938_n-crop-u97948.jpg" crc="4030392851" seo="true" ref="ofertas">
      <caption webpage="ofertas" alt=""/>
    </file>
    <file name="136955655_2868137620136186_7448292881068452272_n-crop-u97990.jpg" crc="4003425301" seo="true" ref="ofertas">
      <caption webpage="ofertas" alt=""/>
    </file>
    <file name="u97428-23.png" crc="250885756" ref="ofertas"/>
    <file name="u97804-20.png" crc="3788536460" ref="ofertas"/>
    <file name="u97846-19.png" crc="146726208" ref="ofertas"/>
    <file name="u97888-20.png" crc="3871719858" ref="ofertas"/>
    <file name="u97930-20.png" crc="4127310700" ref="ofertas"/>
    <file name="u97972-19.png" crc="520457543" ref="ofertas"/>
    <file name="u98014-20.png" crc="4237817783" ref="ofertas"/>
    <file name="loading.gif" crc="3815509949" ref="ofertas:index"/>
    <file name="oferta_mesa de trabajo 1-u980832.png" crc="3993964282" ref="ofertas"/>
    <file name="135940333_2868137623469519_3608855806027763338_n456x308.jpg" crc="408699932" seo="true" ref="ofertas">
      <caption webpage="ofertas" alt=""/>
    </file>
    <file name="136374951_2868137610136187_3526175086042269142_n456x307.jpg" crc="71794787" seo="true" ref="ofertas">
      <caption webpage="ofertas" alt=""/>
    </file>
    <file name="136634305_2868137626802852_5428734971684565768_n456x307.jpg" crc="455384694" seo="true" ref="ofertas">
      <caption webpage="ofertas" alt=""/>
    </file>
    <file name="137064326_2868137613469520_7406936702665423807_n456x307.jpg" crc="4286626077" seo="true" ref="ofertas">
      <caption webpage="ofertas" alt=""/>
    </file>
    <file name="131129554_2847484945534787_1035824332815291124_n (1)467x307.jpg" crc="4146121426" seo="true" ref="ofertas">
      <caption webpage="ofertas" alt=""/>
    </file>
    <file name="136708583_2868137616802853_7604849662120527938_n456x307.jpg" crc="32875342" seo="true" ref="ofertas">
      <caption webpage="ofertas" alt=""/>
    </file>
    <file name="136955655_2868137620136186_7448292881068452272_n456x307.jpg" crc="23447120" seo="true" ref="ofertas">
      <caption webpage="ofertas" alt=""/>
    </file>
    <file name="135940333_2868137623469519_3608855806027763338_n-crop-u98469.jpg" crc="37873811" seo="true" ref="ofertas">
      <caption webpage="ofertas" alt=""/>
    </file>
    <file name="136374951_2868137610136187_3526175086042269142_n-crop-u98467.jpg" crc="4126534140" seo="true" ref="ofertas">
      <caption webpage="ofertas" alt=""/>
    </file>
    <file name="136634305_2868137626802852_5428734971684565768_n-crop-u98465.jpg" crc="3821077430" seo="true" ref="ofertas">
      <caption webpage="ofertas" alt=""/>
    </file>
    <file name="137064326_2868137613469520_7406936702665423807_n-crop-u98459.jpg" crc="397902706" seo="true" ref="ofertas">
      <caption webpage="ofertas" alt=""/>
    </file>
    <file name="131129554_2847484945534787_1035824332815291124_n (1)-crop-u98461.jpg" crc="482663176" seo="true" ref="ofertas">
      <caption webpage="ofertas" alt=""/>
    </file>
    <file name="136708583_2868137616802853_7604849662120527938_n-crop-u98463.jpg" crc="4249889209" seo="true" ref="ofertas">
      <caption webpage="ofertas" alt=""/>
    </file>
    <file name="136955655_2868137620136186_7448292881068452272_n-crop-u98471.jpg" crc="121213617" seo="true" ref="ofertas">
      <caption webpage="ofertas" alt=""/>
    </file>
    <file name="u98502-23.png" crc="472064697" ref="ofertas"/>
    <file name="u98509-23.png" crc="260818482" ref="ofertas"/>
    <file name="u98516-21.png" crc="4062230625" ref="ofertas"/>
    <file name="u98495-21.png" crc="4062230625" ref="ofertas"/>
    <file name="u98481-23.png" crc="3782234207" ref="ofertas"/>
    <file name="u98476-21.png" crc="4062230625" ref="ofertas"/>
    <file name="u98488-23.png" crc="472064697" ref="ofertas"/>
    <file name="oferta_mesa de trabajo 1-u980833.png" crc="3984208171" ref="ofertas"/>
    <file name="135940333_2868137623469519_3608855806027763338_n346x233.jpg" crc="46241772" seo="true" ref="ofertas">
      <caption webpage="ofertas" alt=""/>
    </file>
    <file name="136374951_2868137610136187_3526175086042269142_n346x233.jpg" crc="3940718707" seo="true" ref="ofertas">
      <caption webpage="ofertas" alt=""/>
    </file>
    <file name="136634305_2868137626802852_5428734971684565768_n346x233.jpg" crc="4195117856" seo="true" ref="ofertas">
      <caption webpage="ofertas" alt=""/>
    </file>
    <file name="137064326_2868137613469520_7406936702665423807_n346x233.jpg" crc="4005730533" seo="true" ref="ofertas">
      <caption webpage="ofertas" alt=""/>
    </file>
    <file name="131129554_2847484945534787_1035824332815291124_n (1)355x233.jpg" crc="174451193" seo="true" ref="ofertas">
      <caption webpage="ofertas" alt=""/>
    </file>
    <file name="136708583_2868137616802853_7604849662120527938_n346x233.jpg" crc="223564290" seo="true" ref="ofertas">
      <caption webpage="ofertas" alt=""/>
    </file>
    <file name="136955655_2868137620136186_7448292881068452272_n346x233.jpg" crc="260547253" seo="true" ref="ofertas">
      <caption webpage="ofertas" alt=""/>
    </file>
    <file name="135940333_2868137623469519_3608855806027763338_n-crop-u99361.jpg" crc="3865654527" seo="true" ref="ofertas">
      <caption webpage="ofertas" alt=""/>
    </file>
    <file name="136374951_2868137610136187_3526175086042269142_n-crop-u99365.jpg" crc="4245016403" seo="true" ref="ofertas">
      <caption webpage="ofertas" alt=""/>
    </file>
    <file name="136634305_2868137626802852_5428734971684565768_n-crop-u99359.jpg" crc="206313835" seo="true" ref="ofertas">
      <caption webpage="ofertas" alt=""/>
    </file>
    <file name="137064326_2868137613469520_7406936702665423807_n-crop-u99355.jpg" crc="4571410" seo="true" ref="ofertas">
      <caption webpage="ofertas" alt=""/>
    </file>
    <file name="131129554_2847484945534787_1035824332815291124_n (1)-crop-u99363.jpg" crc="4085692666" seo="true" ref="ofertas">
      <caption webpage="ofertas" alt=""/>
    </file>
    <file name="136708583_2868137616802853_7604849662120527938_n-crop-u99353.jpg" crc="151925863" seo="true" ref="ofertas">
      <caption webpage="ofertas" alt=""/>
    </file>
    <file name="136955655_2868137620136186_7448292881068452272_n-crop-u99357.jpg" crc="4236333054" seo="true" ref="ofertas">
      <caption webpage="ofertas" alt=""/>
    </file>
    <file name="u99314-22.png" crc="385975823" ref="ofertas"/>
    <file name="u99331-19.png" crc="46320364" ref="ofertas"/>
    <file name="u99321-18.png" crc="319912126" ref="ofertas"/>
    <file name="u99326-18.png" crc="319912126" ref="ofertas"/>
    <file name="u99307-19.png" crc="3857495379" ref="ofertas"/>
    <file name="u99338-18.png" crc="319912126" ref="ofertas"/>
    <file name="u99343-19.png" crc="385975823" ref="ofertas"/>
    <file name="u109457.png" crc="241698919" ref="ofertas"/>
    <file name="u109457-r.png" crc="87310371" ref="ofertas"/>
    <file name="u109457-m.png" crc="3882316603" ref="ofertas"/>
    <file name="u109457-a.png" crc="3808769776" ref="ofertas"/>
    <file name="u109415.png" crc="334817386" ref="ofertas"/>
    <file name="u109415-r.png" crc="4244462699" ref="ofertas"/>
    <file name="u109415-m.png" crc="403432768" ref="ofertas"/>
    <file name="u109415-a.png" crc="297255085" ref="ofertas"/>
    <file name="u109411-4-a.png" crc="3786086007" ref="ofertas"/>
    <file name="u109429.png" crc="214940088" ref="ofertas"/>
    <file name="u109429-r.png" crc="272565395" ref="ofertas"/>
    <file name="u109429-m.png" crc="257195304" ref="ofertas"/>
    <file name="u109429-a.png" crc="3838650567" ref="ofertas"/>
    <file name="u109451.png" crc="11035285" ref="ofertas"/>
    <file name="u109451-r.png" crc="3870002158" ref="ofertas"/>
    <file name="u109451-m.png" crc="4120665715" ref="ofertas"/>
    <file name="u109451-a.png" crc="216914615" ref="ofertas"/>
    <file name="u109446.png" crc="3814616255" ref="ofertas"/>
    <file name="u109446-r.png" crc="3910221446" ref="ofertas"/>
    <file name="u109446-m.png" crc="343018118" ref="ofertas"/>
    <file name="u109446-a.png" crc="3846718654" ref="ofertas"/>
    <file name="u109442.png" crc="3905009572" ref="ofertas"/>
    <file name="u109442-r.png" crc="420567778" ref="ofertas"/>
    <file name="u109442-m.png" crc="4022468393" ref="ofertas"/>
    <file name="u109442-a.png" crc="4141241300" ref="ofertas"/>
    <file name="u109402.png" crc="3759443836" ref="ofertas"/>
    <file name="u109402-r.png" crc="4106815925" ref="ofertas"/>
    <file name="u109402-m.png" crc="3899420960" ref="ofertas"/>
    <file name="u109402-a.png" crc="4242434533" ref="ofertas"/>
    <file name="u109425.png" crc="127426129" ref="ofertas"/>
    <file name="u109425-r.png" crc="4239577032" ref="ofertas"/>
    <file name="u109425-m.png" crc="186774836" ref="ofertas"/>
    <file name="u109425-a.png" crc="3849909553" ref="ofertas"/>
    <file name="u34866.png" crc="4069353167" ref="equipo"/>
    <file name="u34866-r.png" crc="4069353167" ref="equipo"/>
    <file name="u3908-9.png" crc="4007325055" ref="equipo"/>
    <file name="recurso 14hola.png" crc="4124582121" ref="equipo">
      <caption webpage="equipo" alt=""/>
      <caption webpage="equipo" alt=""/>
      <caption webpage="equipo" alt=""/>
    </file>
    <file name="recurso 511.png" crc="154253012" ref="equipo">
      <caption webpage="equipo" alt=""/>
    </file>
    <file name="recurso 13hola.png" crc="4290928290" ref="equipo">
      <caption webpage="equipo" alt=""/>
      <caption webpage="equipo" alt=""/>
      <caption webpage="equipo" alt=""/>
    </file>
    <file name="recurso 610.png" crc="183287686" ref="equipo">
      <caption webpage="equipo" alt=""/>
    </file>
    <file name="u3916-9.png" crc="84877675" ref="equipo"/>
    <file name="u3913-12.png" crc="4270585281" ref="equipo"/>
    <file name="recurso 16hola.png" crc="4257806367" ref="equipo">
      <caption webpage="equipo" alt=""/>
      <caption webpage="equipo" alt=""/>
      <caption webpage="equipo" alt=""/>
      <caption webpage="equipo" alt=""/>
    </file>
    <file name="recurso 18hola.png" crc="326027066" ref="equipo">
      <caption webpage="equipo" alt=""/>
      <caption webpage="equipo" alt=""/>
      <caption webpage="equipo" alt=""/>
    </file>
    <file name="recurso 28.png" crc="441937343" ref="equipo">
      <caption webpage="equipo" alt=""/>
    </file>
    <file name="u3905-9.png" crc="62734456" ref="equipo"/>
    <file name="u4012-9.png" crc="268427984" ref="equipo"/>
    <file name="recurso 17hola.png" crc="106607101" ref="equipo">
      <caption webpage="equipo" alt=""/>
      <caption webpage="equipo" alt=""/>
      <caption webpage="equipo" alt=""/>
    </file>
    <file name="recurso 17.png" crc="4098742821" ref="equipo">
      <caption webpage="equipo" alt=""/>
    </file>
    <file name="recurso 412-u4017.png" crc="3811388227" ref="equipo"/>
    <file name="recurso 412-u4017-r.png" crc="321193306" ref="equipo"/>
    <file name="u4018-10.png" crc="4156579302" ref="equipo"/>
    <file name="u105345.png" crc="4165421497" ref="equipo"/>
    <file name="u105345-r.png" crc="3819571165" ref="equipo"/>
    <file name="u105345-m.png" crc="3819571165" ref="equipo"/>
    <file name="u105345-a.png" crc="212265491" ref="equipo"/>
    <file name="u105354.png" crc="3798969479" ref="equipo"/>
    <file name="u105354-r.png" crc="204276568" ref="equipo"/>
    <file name="u105354-m.png" crc="204276568" ref="equipo"/>
    <file name="u105354-a.png" crc="4030866164" ref="equipo"/>
    <file name="u105363.png" crc="130942748" ref="equipo"/>
    <file name="u105363-r.png" crc="4010983869" ref="equipo"/>
    <file name="u105363-m.png" crc="4010983869" ref="equipo"/>
    <file name="u105363-a.png" crc="4024523314" ref="equipo"/>
    <file name="u105372.png" crc="3766310444" ref="equipo"/>
    <file name="u105372-r.png" crc="211999998" ref="equipo"/>
    <file name="u105372-m.png" crc="211999998" ref="equipo"/>
    <file name="u105372-a.png" crc="4152376990" ref="equipo"/>
    <file name="u105381.png" crc="4000065709" ref="equipo"/>
    <file name="u105381-r.png" crc="4078904383" ref="equipo"/>
    <file name="u105381-m.png" crc="4078904383" ref="equipo"/>
    <file name="u105381-a.png" crc="92512185" ref="equipo"/>
    <file name="u105390.png" crc="268378201" ref="equipo"/>
    <file name="u105390-r.png" crc="3981043262" ref="equipo"/>
    <file name="u105390-m.png" crc="3981043262" ref="equipo"/>
    <file name="u105390-a.png" crc="133994632" ref="equipo"/>
    <file name="u105894.png" crc="4026533755" ref="equipo"/>
    <file name="u105894-r.png" crc="4026533755" ref="equipo"/>
    <file name="u105840.png" crc="96749288" ref="equipo"/>
    <file name="u105840-r.png" crc="98973537" ref="equipo"/>
    <file name="u105840-m.png" crc="98973537" ref="equipo"/>
    <file name="u105840-a.png" crc="416922498" ref="equipo"/>
    <file name="u105849.png" crc="262149847" ref="equipo"/>
    <file name="u105849-r.png" crc="258488807" ref="equipo"/>
    <file name="u105849-m.png" crc="258488807" ref="equipo"/>
    <file name="u105849-a.png" crc="214414329" ref="equipo"/>
    <file name="u105858.png" crc="4251286231" ref="equipo"/>
    <file name="u105858-r.png" crc="349316824" ref="equipo"/>
    <file name="u105858-m.png" crc="349316824" ref="equipo"/>
    <file name="u105858-a.png" crc="191574421" ref="equipo"/>
    <file name="u105867.png" crc="155453096" ref="equipo"/>
    <file name="u105867-r.png" crc="277733150" ref="equipo"/>
    <file name="u105867-m.png" crc="277733150" ref="equipo"/>
    <file name="u105867-a.png" crc="3839138329" ref="equipo"/>
    <file name="u105876.png" crc="319941512" ref="equipo"/>
    <file name="u105876-r.png" crc="527774593" ref="equipo"/>
    <file name="u105876-m.png" crc="527774593" ref="equipo"/>
    <file name="u105876-a.png" crc="3917291403" ref="equipo"/>
    <file name="u105885.png" crc="516871337" ref="equipo"/>
    <file name="u105885-r.png" crc="271055173" ref="equipo"/>
    <file name="u105885-m.png" crc="271055173" ref="equipo"/>
    <file name="u105885-a.png" crc="378426611" ref="equipo"/>
    <file name="recurso 511-u105530-fr.png" crc="279940212" ref="equipo"/>
    <file name="u105531-9.png" crc="3842146675" ref="equipo"/>
    <file name="recurso 610-u105526-fr.png" crc="150266274" ref="equipo"/>
    <file name="u105523-10.png" crc="283831255" ref="equipo"/>
    <file name="recurso 16hola-u105536-fr.png" crc="215151227" ref="equipo"/>
    <file name="u105533-11.png" crc="4068956690" ref="equipo"/>
    <file name="recurso 28-u105541-fr.png" crc="3952801513" ref="equipo"/>
    <file name="u105538-9.png" crc="350340408" ref="equipo"/>
    <file name="recurso 17-u105545-fr.png" crc="4130586126" ref="equipo"/>
    <file name="u105546-9.png" crc="3785548640" ref="equipo"/>
    <file name="recurso 412-u105521.png" crc="218618220" ref="equipo"/>
    <file name="recurso 412-u105521-r.png" crc="171312452" ref="equipo"/>
    <file name="u105518-10.png" crc="3873604511" ref="equipo"/>
    <file name="u106241.png" crc="4000506404" ref="equipo"/>
    <file name="u106241-r.png" crc="157432375" ref="equipo"/>
    <file name="u106241-m.png" crc="157432375" ref="equipo"/>
    <file name="u106241-a.png" crc="373019305" ref="equipo"/>
    <file name="u106250.png" crc="3800081251" ref="equipo"/>
    <file name="u106250-r.png" crc="4209406251" ref="equipo"/>
    <file name="u106250-m.png" crc="4209406251" ref="equipo"/>
    <file name="u106250-a.png" crc="223226067" ref="equipo"/>
    <file name="u106259.png" crc="3958096489" ref="equipo"/>
    <file name="u106259-r.png" crc="74028961" ref="equipo"/>
    <file name="u106259-m.png" crc="74028961" ref="equipo"/>
    <file name="u106259-a.png" crc="359792337" ref="equipo"/>
    <file name="u106268.png" crc="4185115493" ref="equipo"/>
    <file name="u106268-r.png" crc="4215438005" ref="equipo"/>
    <file name="u106268-m.png" crc="4215438005" ref="equipo"/>
    <file name="u106268-a.png" crc="3970188318" ref="equipo"/>
    <file name="u106277.png" crc="4263932243" ref="equipo"/>
    <file name="u106277-r.png" crc="463054429" ref="equipo"/>
    <file name="u106277-m.png" crc="463054429" ref="equipo"/>
    <file name="u106277-a.png" crc="135286256" ref="equipo"/>
    <file name="u106286.png" crc="4109846127" ref="equipo"/>
    <file name="u106286-r.png" crc="337718556" ref="equipo"/>
    <file name="u106286-m.png" crc="337718556" ref="equipo"/>
    <file name="u106286-a.png" crc="192487289" ref="equipo"/>
    <file name="recurso 511-u105918-fr.png" crc="86780763" ref="equipo"/>
    <file name="u105920-9.png" crc="4269557198" ref="equipo"/>
    <file name="recurso 610-u105924-fr.png" crc="4261394381" ref="equipo"/>
    <file name="u105925-10.png" crc="4151545250" ref="equipo"/>
    <file name="recurso 16hola-u105930-fr.png" crc="338487190" ref="equipo"/>
    <file name="u105927-11.png" crc="4039611519" ref="equipo"/>
    <file name="recurso 28-u105913-fr.png" crc="3935252488" ref="equipo"/>
    <file name="u105915-9.png" crc="435716447" ref="equipo"/>
    <file name="recurso 17-u105909-fr.png" crc="3989836707" ref="equipo"/>
    <file name="u105910-9.png" crc="435058009" ref="equipo"/>
    <file name="recurso 412-u105935.png" crc="473617860" ref="equipo"/>
    <file name="recurso 412-u105935-r.png" crc="3763622908" ref="equipo"/>
    <file name="u105932-10.png" crc="3900003199" ref="equipo"/>
    <file name="u106295.png" crc="410932317" ref="equipo"/>
    <file name="u106295-r.png" crc="410932317" ref="equipo"/>
    <file name="u111847.png" crc="241698919" ref="equipo"/>
    <file name="u111847-r.png" crc="87310371" ref="equipo"/>
    <file name="u111847-m.png" crc="3882316603" ref="equipo"/>
    <file name="u111847-a.png" crc="3808769776" ref="equipo"/>
    <file name="u111805.png" crc="334817386" ref="equipo"/>
    <file name="u111805-r.png" crc="4244462699" ref="equipo"/>
    <file name="u111805-m.png" crc="403432768" ref="equipo"/>
    <file name="u111805-a.png" crc="297255085" ref="equipo"/>
    <file name="u111801.png" crc="3799388071" ref="equipo"/>
    <file name="u111801-r.png" crc="3812655357" ref="equipo"/>
    <file name="u111801-m.png" crc="522118585" ref="equipo"/>
    <file name="u111801-a.png" crc="3786086007" ref="equipo"/>
    <file name="u111819.png" crc="214940088" ref="equipo"/>
    <file name="u111819-r.png" crc="272565395" ref="equipo"/>
    <file name="u111819-m.png" crc="257195304" ref="equipo"/>
    <file name="u111819-a.png" crc="3838650567" ref="equipo"/>
    <file name="u111841.png" crc="11035285" ref="equipo"/>
    <file name="u111841-r.png" crc="3870002158" ref="equipo"/>
    <file name="u111841-m.png" crc="4120665715" ref="equipo"/>
    <file name="u111841-a.png" crc="216914615" ref="equipo"/>
    <file name="u111836.png" crc="3814616255" ref="equipo"/>
    <file name="u111836-r.png" crc="3910221446" ref="equipo"/>
    <file name="u111836-m.png" crc="343018118" ref="equipo"/>
    <file name="u111836-a.png" crc="3846718654" ref="equipo"/>
    <file name="u111832.png" crc="3905009572" ref="equipo"/>
    <file name="u111832-r.png" crc="420567778" ref="equipo"/>
    <file name="u111832-m.png" crc="4022468393" ref="equipo"/>
    <file name="u111832-a.png" crc="4141241300" ref="equipo"/>
    <file name="u111792-4-a.png" crc="4242434533" ref="equipo"/>
    <file name="u111815.png" crc="127426129" ref="equipo"/>
    <file name="u111815-r.png" crc="4239577032" ref="equipo"/>
    <file name="u111815-m.png" crc="186774836" ref="equipo"/>
    <file name="u111815-a.png" crc="3849909553" ref="equipo"/>
    <file name="descarga.jpg" crc="370172108" seo="true" ref="contactos">
      <caption webpage="contactos" alt=""/>
      <caption webpage="contactos" alt=""/>
    </file>
    <file name="u107141-23.png" crc="323928889" ref="contactos"/>
    <file name="u107185.png" crc="451853288" ref="contactos"/>
    <file name="u107185-ferr.png" crc="4199971128" ref="contactos"/>
    <file name="u107161.png" crc="4109247327" ref="contactos"/>
    <file name="u107161-ferr.png" crc="3847447224" ref="contactos"/>
    <file name="u107149.png" crc="3909547706" ref="contactos"/>
    <file name="u107149-ferr.png" crc="7232189" ref="contactos"/>
    <file name="u107192.png" crc="4105893346" ref="contactos"/>
    <file name="u107192-ferr.png" crc="508387495" ref="contactos"/>
    <file name="u107152.png" crc="3939909338" ref="contactos"/>
    <file name="u107152-ferr.png" crc="339108652" ref="contactos"/>
    <file name="checkboxunchecked.jpg" crc="495023700" ref="contactos">
      <caption webpage="contactos" alt=""/>
    </file>
    <file name="checkboxuncheckedrollover.jpg" crc="4076496830" ref="contactos">
      <caption webpage="contactos" alt=""/>
    </file>
    <file name="checkboxuncheckedmousedown.jpg" crc="361678653" ref="contactos">
      <caption webpage="contactos" alt=""/>
    </file>
    <file name="checkboxchecked.jpg" crc="477278992" ref="contactos">
      <caption webpage="contactos" alt=""/>
    </file>
    <file name="checkboxcheckedrollover.jpg" crc="435737969" ref="contactos">
      <caption webpage="contactos" alt=""/>
    </file>
    <file name="checkboxcheckedmousedown.jpg" crc="4004261994" ref="contactos">
      <caption webpage="contactos" alt=""/>
    </file>
    <file name="u107156.png" crc="361511111" ref="contactos"/>
    <file name="u107156-ferr.png" crc="4132532798" ref="contactos"/>
    <file name="u107179.png" crc="3981401805" ref="contactos"/>
    <file name="u107179-ferr.png" crc="3827733435" ref="contactos"/>
    <file name="radiobuttonunchecked.png" crc="3976871150" ref="contactos">
      <caption webpage="contactos" alt=""/>
    </file>
    <file name="radiobuttonuncheckedrollover.png" crc="4276313674" ref="contactos">
      <caption webpage="contactos" alt=""/>
    </file>
    <file name="radiobuttonuncheckedmousedown.png" crc="54863585" ref="contactos">
      <caption webpage="contactos" alt=""/>
    </file>
    <file name="radiobuttonchecked.png" crc="4193302265" ref="contactos">
      <caption webpage="contactos" alt=""/>
    </file>
    <file name="radiobuttoncheckedrollover.png" crc="88928956" ref="contactos">
      <caption webpage="contactos" alt=""/>
    </file>
    <file name="radiobuttoncheckedmousedown.png" crc="4280357799" ref="contactos">
      <caption webpage="contactos" alt=""/>
    </file>
    <file name="u107167.png" crc="402201983" ref="contactos"/>
    <file name="u107167-ferr.png" crc="136102172" ref="contactos"/>
    <file name="u107181.png" crc="3985663677" ref="contactos"/>
    <file name="u107181-ferr.png" crc="3992535852" ref="contactos"/>
    <file name="u107178.png" crc="4234353677" ref="contactos"/>
    <file name="u107178-ferr.png" crc="4158400636" ref="contactos"/>
    <file name="u107170.png" crc="421212267" ref="contactos"/>
    <file name="u107170-ferr.png" crc="4292234528" ref="contactos"/>
    <file name="u107174.png" crc="3811195201" ref="contactos"/>
    <file name="u107174-ferr.png" crc="4293501203" ref="contactos"/>
    <file name="u107164.png" crc="386660275" ref="contactos"/>
    <file name="u107164-r.png" crc="4115723193" ref="contactos"/>
    <file name="u107164-fs.png" crc="386660275" ref="contactos"/>
    <file name="u86288-4.png" crc="309529693" ref="contactos"/>
    <file name="descarga767x512.jpg" crc="134162524" seo="true" ref="contactos">
      <caption webpage="contactos" alt=""/>
      <caption webpage="contactos" alt=""/>
    </file>
    <file name="u1071852.png" crc="49224436" ref="contactos"/>
    <file name="u107185-ferr2.png" crc="3772032429" ref="contactos"/>
    <file name="u1071492.png" crc="3855256845" ref="contactos"/>
    <file name="u107149-ferr2.png" crc="118747639" ref="contactos"/>
    <file name="u1071642.png" crc="346411556" ref="contactos"/>
    <file name="u107164-r2.png" crc="4197597600" ref="contactos"/>
    <file name="u107164-fs2.png" crc="3782705076" ref="contactos"/>
    <file name="u1071522.png" crc="3933791844" ref="contactos"/>
    <file name="u107152-ferr2.png" crc="17856018" ref="contactos"/>
    <file name="u1071612.png" crc="4272961214" ref="contactos"/>
    <file name="u107161-ferr2.png" crc="4188863456" ref="contactos"/>
    <file name="u1071922.png" crc="151527581" ref="contactos"/>
    <file name="u107192-ferr2.png" crc="241384265" ref="contactos"/>
    <file name="u1071562.png" crc="337934747" ref="contactos"/>
    <file name="u107156-ferr2.png" crc="3777944389" ref="contactos"/>
    <file name="u1071792.png" crc="271596847" ref="contactos"/>
    <file name="u107179-ferr2.png" crc="37096110" ref="contactos"/>
    <file name="u1071672.png" crc="118299446" ref="contactos"/>
    <file name="u107167-ferr2.png" crc="443286254" ref="contactos"/>
    <file name="u1071812.png" crc="22944963" ref="contactos"/>
    <file name="u107181-ferr2.png" crc="173179174" ref="contactos"/>
    <file name="u1071782.png" crc="3869717116" ref="contactos"/>
    <file name="u107178-ferr2.png" crc="36757453" ref="contactos"/>
    <file name="u1071702.png" crc="428546059" ref="contactos"/>
    <file name="u107170-ferr2.png" crc="512933759" ref="contactos"/>
    <file name="u1071742.png" crc="191439305" ref="contactos"/>
    <file name="u107174-ferr2.png" crc="100350126" ref="contactos"/>
    <file name="u107477-23.png" crc="3779290847" ref="contactos"/>
    <file name="u107486-4.png" crc="3936011203" ref="contactos"/>
    <file name="descarga360x240.jpg" crc="4152114580" seo="true" ref="contactos">
      <caption webpage="contactos" alt=""/>
      <caption webpage="contactos" alt=""/>
    </file>
    <file name="u107537.png" crc="201782795" ref="contactos"/>
    <file name="u107537-ferr.png" crc="3971856157" ref="contactos"/>
    <file name="u107503.png" crc="45620584" ref="contactos"/>
    <file name="u107503-ferr.png" crc="3822135483" ref="contactos"/>
    <file name="u107538.png" crc="1534175" ref="contactos"/>
    <file name="u107538-r.png" crc="4045536806" ref="contactos"/>
    <file name="u107538-fs.png" crc="1534175" ref="contactos"/>
    <file name="u107515.png" crc="4263010142" ref="contactos"/>
    <file name="u107515-ferr.png" crc="190626381" ref="contactos"/>
    <file name="u107545.png" crc="176325629" ref="contactos"/>
    <file name="u107545-ferr.png" crc="31996666" ref="contactos"/>
    <file name="u107508.png" crc="336348965" ref="contactos"/>
    <file name="u107508-ferr.png" crc="272159646" ref="contactos"/>
    <file name="u107541.png" crc="4258198980" ref="contactos"/>
    <file name="u107541-ferr.png" crc="297232663" ref="contactos"/>
    <file name="u107530.png" crc="142218087" ref="contactos"/>
    <file name="u107530-ferr.png" crc="325189164" ref="contactos"/>
    <file name="u107519.png" crc="4211953871" ref="contactos"/>
    <file name="u107519-ferr.png" crc="4292854176" ref="contactos"/>
    <file name="u107525.png" crc="3829531729" ref="contactos"/>
    <file name="u107525-ferr.png" crc="422868830" ref="contactos"/>
    <file name="u107528.png" crc="4205595477" ref="contactos"/>
    <file name="u107528-ferr.png" crc="4186035109" ref="contactos"/>
    <file name="u107532.png" crc="4207794829" ref="contactos"/>
    <file name="u107532-ferr.png" crc="265409950" ref="contactos"/>
    <file name="u107521.png" crc="4277723777" ref="contactos"/>
    <file name="u107521-ferr.png" crc="4065006852" ref="contactos"/>
    <file name="u107831-18.png" crc="297480292" ref="contactos"/>
    <file name="u107840-4.png" crc="3925472856" ref="contactos"/>
    <file name="u112325.png" crc="241698919" ref="contactos"/>
    <file name="u112325-r.png" crc="87310371" ref="contactos"/>
    <file name="u112325-m.png" crc="3882316603" ref="contactos"/>
    <file name="u112325-a.png" crc="3808769776" ref="contactos"/>
    <file name="u112283.png" crc="334817386" ref="contactos"/>
    <file name="u112283-r.png" crc="4244462699" ref="contactos"/>
    <file name="u112283-m.png" crc="403432768" ref="contactos"/>
    <file name="u112283-a.png" crc="297255085" ref="contactos"/>
    <file name="u112279.png" crc="3799388071" ref="contactos"/>
    <file name="u112279-r.png" crc="3812655357" ref="contactos"/>
    <file name="u112279-m.png" crc="522118585" ref="contactos"/>
    <file name="u112279-a.png" crc="3786086007" ref="contactos"/>
    <file name="u112297.png" crc="214940088" ref="contactos"/>
    <file name="u112297-r.png" crc="272565395" ref="contactos"/>
    <file name="u112297-m.png" crc="257195304" ref="contactos"/>
    <file name="u112297-a.png" crc="3838650567" ref="contactos"/>
    <file name="u112319.png" crc="11035285" ref="contactos"/>
    <file name="u112319-r.png" crc="3870002158" ref="contactos"/>
    <file name="u112319-m.png" crc="4120665715" ref="contactos"/>
    <file name="u112319-a.png" crc="216914615" ref="contactos"/>
    <file name="u112314.png" crc="3814616255" ref="contactos"/>
    <file name="u112314-r.png" crc="3910221446" ref="contactos"/>
    <file name="u112314-m.png" crc="343018118" ref="contactos"/>
    <file name="u112314-a.png" crc="3846718654" ref="contactos"/>
    <file name="u112310.png" crc="3905009572" ref="contactos"/>
    <file name="u112310-r.png" crc="420567778" ref="contactos"/>
    <file name="u112310-m.png" crc="4022468393" ref="contactos"/>
    <file name="u112310-a.png" crc="4141241300" ref="contactos"/>
    <file name="u112270.png" crc="3759443836" ref="contactos"/>
    <file name="u112270-r.png" crc="4106815925" ref="contactos"/>
    <file name="u112270-m.png" crc="3899420960" ref="contactos"/>
    <file name="u112270-a.png" crc="4242434533" ref="contactos"/>
    <file name="u112293-4-a.png" crc="3849909553" ref="contactos"/>
    <file name="tienda-favicon.ico" crc="332833330" ref="tienda"/>
    <file name="u75601.png" crc="3792159784" ref="tienda"/>
    <file name="u75601-a.png" crc="3792159784" ref="tienda"/>
    <file name="u75590.png" crc="4250125469" ref="tienda"/>
    <file name="u75590-a.png" crc="4250125469" ref="tienda"/>
    <file name="u75598.png" crc="90335101" ref="tienda"/>
    <file name="u75598-a.png" crc="90335101" ref="tienda"/>
    <file name="u75592.png" crc="130697263" ref="tienda"/>
    <file name="u75592-a.png" crc="130697263" ref="tienda"/>
    <file name="recurso 4prenda1.png" crc="536426092" ref="tienda">
      <caption webpage="tienda" alt=""/>
    </file>
    <file name="recurso 55ded.png" crc="23423583" ref="tienda">
      <caption webpage="tienda" alt=""/>
    </file>
    <file name="recurso 5prenda2.png" crc="213052575" ref="tienda">
      <caption webpage="tienda" alt=""/>
    </file>
    <file name="recurso 59ded.png" crc="233445122" ref="tienda">
      <caption webpage="tienda" alt=""/>
    </file>
    <file name="recurso 6prenda3.png" crc="20461871" ref="tienda">
      <caption webpage="tienda" alt=""/>
    </file>
    <file name="recurso 57ded.png" crc="3815711809" ref="tienda">
      <caption webpage="tienda" alt=""/>
    </file>
    <file name="recurso 7prenda4.png" crc="4290407687" ref="tienda">
      <caption webpage="tienda" alt=""/>
    </file>
    <file name="recurso 58ded.png" crc="3797611921" ref="tienda">
      <caption webpage="tienda" alt=""/>
    </file>
    <file name="u84761.png" crc="3965196740" ref="tienda"/>
    <file name="u84761-a.png" crc="3965196740" ref="tienda"/>
    <file name="u84757.png" crc="514211769" ref="tienda"/>
    <file name="u84757-a.png" crc="514211769" ref="tienda"/>
    <file name="u84752.png" crc="4077052412" ref="tienda"/>
    <file name="u84752-a.png" crc="4077052412" ref="tienda"/>
    <file name="u84749.png" crc="468326154" ref="tienda"/>
    <file name="u84749-a.png" crc="468326154" ref="tienda"/>
    <file name="recurso 52ded.png" crc="4271549330" ref="tienda">
      <caption webpage="tienda" alt=""/>
      <caption webpage="tienda" alt=""/>
      <caption webpage="tienda" alt=""/>
      <caption webpage="tienda" alt=""/>
      <caption webpage="tienda" alt=""/>
      <caption webpage="tienda" alt=""/>
      <caption webpage="tienda" alt=""/>
      <caption webpage="tienda" alt=""/>
    </file>
    <file name="recurso 61ded.png" crc="199354733" ref="tienda">
      <caption webpage="tienda" alt=""/>
    </file>
    <file name="recurso 65ded.png" crc="3817136017" ref="tienda">
      <caption webpage="tienda" alt=""/>
    </file>
    <file name="recurso 63ded.png" crc="520260014" ref="tienda">
      <caption webpage="tienda" alt=""/>
    </file>
    <file name="recurso 66ded.png" crc="4164744219" ref="tienda">
      <caption webpage="tienda" alt=""/>
    </file>
    <file name="recurso 62ded.png" crc="3761225952" ref="tienda">
      <caption webpage="tienda" alt=""/>
    </file>
    <file name="recurso 67ded.png" crc="311281502" ref="tienda">
      <caption webpage="tienda" alt=""/>
    </file>
    <file name="recurso 64ded.png" crc="274062177" ref="tienda">
      <caption webpage="tienda" alt=""/>
    </file>
    <file name="recurso 68ded.png" crc="198303157" ref="tienda">
      <caption webpage="tienda" alt=""/>
    </file>
    <file name="u85020.png" crc="4245636439" ref="tienda"/>
    <file name="u85020-a.png" crc="3827709052" ref="tienda"/>
    <file name="u85024.png" crc="3878874323" ref="tienda"/>
    <file name="u85024-a.png" crc="4101471461" ref="tienda"/>
    <file name="u85013.png" crc="4136965784" ref="tienda"/>
    <file name="u85013-a.png" crc="165187046" ref="tienda"/>
    <file name="u85016.png" crc="109165501" ref="tienda"/>
    <file name="u85016-a.png" crc="4155707289" ref="tienda"/>
    <file name="recurso 70ded.png" crc="125817155" ref="tienda">
      <caption webpage="tienda" alt=""/>
    </file>
    <file name="recurso 74ded.png" crc="324959570" ref="tienda">
      <caption webpage="tienda" alt=""/>
    </file>
    <file name="recurso 71ded.png" crc="225555698" ref="tienda">
      <caption webpage="tienda" alt=""/>
    </file>
    <file name="recurso 75ded.png" crc="4198759508" ref="tienda">
      <caption webpage="tienda" alt=""/>
    </file>
    <file name="recurso 72ded.png" crc="511187643" ref="tienda">
      <caption webpage="tienda" alt=""/>
    </file>
    <file name="recurso 76ded.png" crc="373095699" ref="tienda">
      <caption webpage="tienda" alt=""/>
    </file>
    <file name="recurso 73ded.png" crc="380861958" ref="tienda">
      <caption webpage="tienda" alt=""/>
    </file>
    <file name="recurso 77ded.png" crc="3942769479" ref="tienda">
      <caption webpage="tienda" alt=""/>
    </file>
    <file name="u108979.png" crc="241698919" ref="tienda"/>
    <file name="u108979-r.png" crc="87310371" ref="tienda"/>
    <file name="u108979-m.png" crc="3882316603" ref="tienda"/>
    <file name="u108979-a.png" crc="3808769776" ref="tienda"/>
    <file name="u108937-4-a.png" crc="297255085" ref="tienda"/>
    <file name="u108933.png" crc="3799388071" ref="tienda"/>
    <file name="u108933-r.png" crc="3812655357" ref="tienda"/>
    <file name="u108933-m.png" crc="522118585" ref="tienda"/>
    <file name="u108933-a.png" crc="3786086007" ref="tienda"/>
    <file name="u108951.png" crc="214940088" ref="tienda"/>
    <file name="u108951-r.png" crc="272565395" ref="tienda"/>
    <file name="u108951-m.png" crc="257195304" ref="tienda"/>
    <file name="u108951-a.png" crc="3838650567" ref="tienda"/>
    <file name="u108973.png" crc="11035285" ref="tienda"/>
    <file name="u108973-r.png" crc="3870002158" ref="tienda"/>
    <file name="u108973-m.png" crc="4120665715" ref="tienda"/>
    <file name="u108973-a.png" crc="216914615" ref="tienda"/>
    <file name="u108968.png" crc="3814616255" ref="tienda"/>
    <file name="u108968-r.png" crc="3910221446" ref="tienda"/>
    <file name="u108968-m.png" crc="343018118" ref="tienda"/>
    <file name="u108968-a.png" crc="3846718654" ref="tienda"/>
    <file name="u108964.png" crc="3905009572" ref="tienda"/>
    <file name="u108964-r.png" crc="420567778" ref="tienda"/>
    <file name="u108964-m.png" crc="4022468393" ref="tienda"/>
    <file name="u108964-a.png" crc="4141241300" ref="tienda"/>
    <file name="u108924.png" crc="3759443836" ref="tienda"/>
    <file name="u108924-r.png" crc="4106815925" ref="tienda"/>
    <file name="u108924-m.png" crc="3899420960" ref="tienda"/>
    <file name="u108924-a.png" crc="4242434533" ref="tienda"/>
    <file name="u108947.png" crc="127426129" ref="tienda"/>
    <file name="u108947-r.png" crc="4239577032" ref="tienda"/>
    <file name="u108947-m.png" crc="186774836" ref="tienda"/>
    <file name="u108947-a.png" crc="3849909553" ref="tienda"/>
    <file name="outfit-con-camiseta-de-banda-de-rock.jpg" crc="534576376" seo="true" ref="index">
      <caption webpage="index" alt=""/>
    </file>
    <file name="look-rockero.jpg" crc="4074454155" seo="true" ref="index">
      <caption webpage="index" alt=""/>
    </file>
    <file name="grunge-img-012.jpg" crc="3978897832" seo="true" ref="index">
      <caption webpage="index" alt=""/>
      <caption webpage="index" alt=""/>
    </file>
    <file name="look-con-camiseta-de-metallica.jpg" crc="3824431348" seo="true" ref="index">
      <caption webpage="index" alt=""/>
    </file>
    <file name="outfit-con-camiseta-de-banda-de-rock50x40.jpg" crc="4006292031" seo="true" ref="index">
      <caption webpage="index" alt=""/>
      <caption webpage="index" alt=""/>
      <caption webpage="index" alt=""/>
    </file>
    <file name="look-rockero50x40.jpg" crc="4135906703" seo="true" ref="index">
      <caption webpage="index" alt=""/>
      <caption webpage="index" alt=""/>
      <caption webpage="index" alt=""/>
    </file>
    <file name="grunge-img-01250x25.jpg" crc="177088335" seo="true" ref="index">
      <caption webpage="index" alt=""/>
      <caption webpage="index" alt=""/>
      <caption webpage="index" alt=""/>
      <caption webpage="index" alt=""/>
      <caption webpage="index" alt=""/>
      <caption webpage="index" alt=""/>
    </file>
    <file name="look-con-camiseta-de-metallica50x40.jpg" crc="4100464362" seo="true" ref="index">
      <caption webpage="index" alt=""/>
      <caption webpage="index" alt=""/>
      <caption webpage="index" alt=""/>
    </file>
    <file name="recurso 37ded.png" crc="3942298039" ref="index">
      <caption webpage="index" alt=""/>
    </file>
    <file name="recurso 38ded.png" crc="487538757" ref="index">
      <caption webpage="index" alt=""/>
    </file>
    <file name="u108906.png" crc="94054700" ref="index"/>
    <file name="u108906-r.png" crc="3903175659" ref="index"/>
    <file name="chica.jpg" crc="395804155" seo="true" ref="index">
      <caption webpage="index" alt=""/>
    </file>
    <file name="u74874-7.png" crc="4278905963" ref="index"/>
    <file name="chico.jpg" crc="4277081276" seo="true" ref="index">
      <caption webpage="index" alt=""/>
    </file>
    <file name="u74875-9.png" crc="395718519" ref="index"/>
    <file name="outfit-con-camiseta-de-banda-de-rock-crop-u82461.jpg" crc="4239996542" seo="true" ref="index">
      <caption webpage="index" alt=""/>
    </file>
    <file name="look-rockero-crop-u83175.jpg" crc="90194914" seo="true" ref="index">
      <caption webpage="index" alt=""/>
    </file>
    <file name="grunge-img-012-crop-u86313.jpg" crc="68923065" seo="true" ref="index">
      <caption webpage="index" alt=""/>
    </file>
    <file name="look-con-camiseta-de-metallica-crop-u83235.jpg" crc="387968043" seo="true" ref="index">
      <caption webpage="index" alt=""/>
    </file>
    <file name="grunge-img-012-crop-u83295.jpg" crc="68923065" seo="true" ref="index">
      <caption webpage="index" alt=""/>
    </file>
    <file name="u74484-4.png" crc="114218544" ref="index"/>
    <file name="chica200x375.jpg" crc="232926335" seo="true" ref="index">
      <caption webpage="index" alt=""/>
    </file>
    <file name="u75500-9.png" crc="4164784137" ref="index"/>
    <file name="u75515-9.png" crc="3876357532" ref="index"/>
    <file name="chico200x375.jpg" crc="225834689" seo="true" ref="index">
      <caption webpage="index" alt=""/>
    </file>
    <file name="chica150x282.jpg" crc="397024003" seo="true" ref="index">
      <caption webpage="index" alt=""/>
    </file>
    <file name="u75532-6.png" crc="3773646682" ref="index"/>
    <file name="outfit-con-camiseta-de-banda-de-rock360x288.jpg" crc="360052827" seo="true" ref="index">
      <caption webpage="index" alt=""/>
    </file>
    <file name="look-rockero360x288.jpg" crc="206885342" seo="true" ref="index">
      <caption webpage="index" alt=""/>
    </file>
    <file name="grunge-img-012-crop-u863132.jpg" crc="69408784" seo="true" ref="index">
      <caption webpage="index" alt=""/>
    </file>
    <file name="look-con-camiseta-de-metallica360x288.jpg" crc="90289668" seo="true" ref="index">
      <caption webpage="index" alt=""/>
    </file>
    <file name="grunge-img-012-crop-u832952.jpg" crc="69408784" seo="true" ref="index">
      <caption webpage="index" alt=""/>
    </file>
    <file name="u74493.png" crc="28508908" ref="index"/>
    <file name="u74493-r.png" crc="206933482" ref="index"/>
    <file name="u108897.png" crc="3862501028" ref="index"/>
    <file name="u108897-r.png" crc="233503539" ref="index"/>
    <file name="u108897-a.png" crc="3862501028" ref="index"/>
    <file name="u108352-4-a.png" crc="3808769776" ref="index"/>
    <file name="u108341.png" crc="334817386" ref="index"/>
    <file name="u108341-r.png" crc="4244462699" ref="index"/>
    <file name="u108341-m.png" crc="403432768" ref="index"/>
    <file name="u108341-a.png" crc="297255085" ref="index"/>
    <file name="u108364.png" crc="3799388071" ref="index"/>
    <file name="u108364-r.png" crc="3812655357" ref="index"/>
    <file name="u108364-m.png" crc="522118585" ref="index"/>
    <file name="u108364-a.png" crc="3786086007" ref="index"/>
    <file name="u108356.png" crc="214940088" ref="index"/>
    <file name="u108356-r.png" crc="272565395" ref="index"/>
    <file name="u108356-m.png" crc="257195304" ref="index"/>
    <file name="u108356-a.png" crc="3838650567" ref="index"/>
    <file name="u108387.png" crc="11035285" ref="index"/>
    <file name="u108387-r.png" crc="3870002158" ref="index"/>
    <file name="u108387-m.png" crc="4120665715" ref="index"/>
    <file name="u108387-a.png" crc="216914615" ref="index"/>
    <file name="u108372.png" crc="3814616255" ref="index"/>
    <file name="u108372-r.png" crc="3910221446" ref="index"/>
    <file name="u108372-m.png" crc="343018118" ref="index"/>
    <file name="u108372-a.png" crc="3846718654" ref="index"/>
    <file name="u108381.png" crc="3905009572" ref="index"/>
    <file name="u108381-r.png" crc="420567778" ref="index"/>
    <file name="u108381-m.png" crc="4022468393" ref="index"/>
    <file name="u108381-a.png" crc="4141241300" ref="index"/>
    <file name="u108336.png" crc="3759443836" ref="index"/>
    <file name="u108336-r.png" crc="4106815925" ref="index"/>
    <file name="u108336-m.png" crc="3899420960" ref="index"/>
    <file name="u108336-a.png" crc="4242434533" ref="index"/>
    <file name="u108392.png" crc="127426129" ref="index"/>
    <file name="u108392-r.png" crc="4239577032" ref="index"/>
    <file name="u108392-m.png" crc="186774836" ref="index"/>
    <file name="u108392-a.png" crc="3849909553" ref="index"/>
    <file name="chico150x282.jpg" crc="229365880" seo="true" ref="index">
      <caption webpage="index" alt=""/>
    </file>
    <file name="u75533-6.png" crc="3814442365" ref="index"/>
    <file name="220533-4.jpg" crc="4118909324" ref="clientes">
      <caption webpage="clientes" alt=""/>
      <caption webpage="clientes" alt=""/>
    </file>
    <file name="u2665-10.png" crc="4074023585" ref="clientes"/>
    <file name="img_42910_apa_276898_600.jpg" crc="3837866953" ref="clientes">
      <caption webpage="clientes" alt=""/>
      <caption webpage="clientes" alt=""/>
    </file>
    <file name="u2663-11.png" crc="4085342273" ref="clientes"/>
    <file name="necesitamos-mujeres-líderes.jpg" crc="140200312" ref="clientes">
      <caption webpage="clientes" alt=""/>
      <caption webpage="clientes" alt=""/>
    </file>
    <file name="u2674-12.png" crc="3889475792" ref="clientes"/>
    <file name="hola-feliz-hermosa-mujer-amable-saludando_74855-2808.jpg" crc="89101879" ref="clientes">
      <caption webpage="clientes" alt=""/>
      <caption webpage="clientes" alt=""/>
    </file>
    <file name="u2670-10.png" crc="36923261" ref="clientes"/>
    <file name="u101401.png" crc="4165421497" ref="clientes"/>
    <file name="u101401-r.png" crc="3819571165" ref="clientes"/>
    <file name="u101401-m.png" crc="3819571165" ref="clientes"/>
    <file name="u101401-a.png" crc="212265491" ref="clientes"/>
    <file name="u101376.png" crc="3798969479" ref="clientes"/>
    <file name="u101376-r.png" crc="204276568" ref="clientes"/>
    <file name="u101376-m.png" crc="204276568" ref="clientes"/>
    <file name="u101376-a.png" crc="4030866164" ref="clientes"/>
    <file name="u101383.png" crc="130942748" ref="clientes"/>
    <file name="u101383-r.png" crc="4010983869" ref="clientes"/>
    <file name="u101383-m.png" crc="4010983869" ref="clientes"/>
    <file name="u101383-a.png" crc="4024523314" ref="clientes"/>
    <file name="u101392.png" crc="3766310444" ref="clientes"/>
    <file name="u101392-r.png" crc="211999998" ref="clientes"/>
    <file name="u101392-m.png" crc="211999998" ref="clientes"/>
    <file name="u101392-a.png" crc="4152376990" ref="clientes"/>
    <file name="u101419.png" crc="96749288" ref="clientes"/>
    <file name="u101419-r.png" crc="98973537" ref="clientes"/>
    <file name="u101419-m.png" crc="98973537" ref="clientes"/>
    <file name="u101419-a.png" crc="416922498" ref="clientes"/>
    <file name="u101428.png" crc="262149847" ref="clientes"/>
    <file name="u101428-r.png" crc="258488807" ref="clientes"/>
    <file name="u101428-m.png" crc="258488807" ref="clientes"/>
    <file name="u101428-a.png" crc="214414329" ref="clientes"/>
    <file name="u101437.png" crc="4251286231" ref="clientes"/>
    <file name="u101437-r.png" crc="349316824" ref="clientes"/>
    <file name="u101437-m.png" crc="349316824" ref="clientes"/>
    <file name="u101437-a.png" crc="191574421" ref="clientes"/>
    <file name="u101446.png" crc="155453096" ref="clientes"/>
    <file name="u101446-r.png" crc="277733150" ref="clientes"/>
    <file name="u101446-m.png" crc="277733150" ref="clientes"/>
    <file name="u101446-a.png" crc="3839138329" ref="clientes"/>
    <file name="u85704-10.png" crc="518677521" ref="clientes"/>
    <file name="u85697-10.png" crc="289860008" ref="clientes"/>
    <file name="u85702-14.png" crc="4015086159" ref="clientes"/>
    <file name="u85707-11.png" crc="428445369" ref="clientes"/>
    <file name="u101460.png" crc="4000506404" ref="clientes"/>
    <file name="u101460-r.png" crc="157432375" ref="clientes"/>
    <file name="u101460-m.png" crc="157432375" ref="clientes"/>
    <file name="u101460-a.png" crc="373019305" ref="clientes"/>
    <file name="u101510.png" crc="3800081251" ref="clientes"/>
    <file name="u101510-r.png" crc="4209406251" ref="clientes"/>
    <file name="u101510-m.png" crc="4209406251" ref="clientes"/>
    <file name="u101510-a.png" crc="223226067" ref="clientes"/>
    <file name="u101519.png" crc="3958096489" ref="clientes"/>
    <file name="u101519-r.png" crc="74028961" ref="clientes"/>
    <file name="u101519-m.png" crc="74028961" ref="clientes"/>
    <file name="u101519-a.png" crc="359792337" ref="clientes"/>
    <file name="u101528.png" crc="4185115493" ref="clientes"/>
    <file name="u101528-r.png" crc="4215438005" ref="clientes"/>
    <file name="u101528-m.png" crc="4215438005" ref="clientes"/>
    <file name="u101528-a.png" crc="3970188318" ref="clientes"/>
    <file name="220533-4-u86087-fr.jpg" crc="4040501586" ref="clientes"/>
    <file name="u86086-14.png" crc="4186992106" ref="clientes"/>
    <file name="img_42910_apa_276898_600-u86080-fr.jpg" crc="391565177" ref="clientes"/>
    <file name="u86079-12.png" crc="3907426202" ref="clientes"/>
    <file name="necesitamos-mujeres-líderes-u86082-fr.jpg" crc="4197242537" ref="clientes"/>
    <file name="u86084-14.png" crc="3988609701" ref="clientes"/>
    <file name="hola-feliz-hermosa-mujer-amable-saludando_74855-2808-u86090-fr.jpg" crc="3945857632" ref="clientes"/>
    <file name="u86089-11.png" crc="266831941" ref="clientes"/>
    <file name="u109935.png" crc="241698919" ref="clientes"/>
    <file name="u109935-r.png" crc="87310371" ref="clientes"/>
    <file name="u109935-m.png" crc="3882316603" ref="clientes"/>
    <file name="u109935-a.png" crc="3808769776" ref="clientes"/>
    <file name="u109893.png" crc="334817386" ref="clientes"/>
    <file name="u109893-r.png" crc="4244462699" ref="clientes"/>
    <file name="u109893-m.png" crc="403432768" ref="clientes"/>
    <file name="u109893-a.png" crc="297255085" ref="clientes"/>
    <file name="u109889.png" crc="3799388071" ref="clientes"/>
    <file name="u109889-r.png" crc="3812655357" ref="clientes"/>
    <file name="u109889-m.png" crc="522118585" ref="clientes"/>
    <file name="u109889-a.png" crc="3786086007" ref="clientes"/>
    <file name="u109907-4-a.png" crc="3838650567" ref="clientes"/>
    <file name="u109929.png" crc="11035285" ref="clientes"/>
    <file name="u109929-r.png" crc="3870002158" ref="clientes"/>
    <file name="u109929-m.png" crc="4120665715" ref="clientes"/>
    <file name="u109929-a.png" crc="216914615" ref="clientes"/>
    <file name="u109924.png" crc="3814616255" ref="clientes"/>
    <file name="u109924-r.png" crc="3910221446" ref="clientes"/>
    <file name="u109924-m.png" crc="343018118" ref="clientes"/>
    <file name="u109924-a.png" crc="3846718654" ref="clientes"/>
    <file name="u109920.png" crc="3905009572" ref="clientes"/>
    <file name="u109920-r.png" crc="420567778" ref="clientes"/>
    <file name="u109920-m.png" crc="4022468393" ref="clientes"/>
    <file name="u109920-a.png" crc="4141241300" ref="clientes"/>
    <file name="u109880.png" crc="3759443836" ref="clientes"/>
    <file name="u109880-r.png" crc="4106815925" ref="clientes"/>
    <file name="u109880-m.png" crc="3899420960" ref="clientes"/>
    <file name="u109880-a.png" crc="4242434533" ref="clientes"/>
    <file name="u109903.png" crc="127426129" ref="clientes"/>
    <file name="u109903-r.png" crc="4239577032" ref="clientes"/>
    <file name="u109903-m.png" crc="186774836" ref="clientes"/>
    <file name="u109903-a.png" crc="3849909553" ref="clientes"/>
    <file name="recurso 10mision.png" crc="3849953839" seo="true" ref="misión">
      <caption webpage="misión" alt=""/>
      <caption webpage="misión" alt=""/>
      <caption webpage="misión" alt=""/>
    </file>
    <file name="u77323-4.png" crc="374254935" ref="misión"/>
    <file name="u2093-10.png" crc="68272855" ref="misión"/>
    <file name="u77341-6.png" crc="4222004617" ref="misión"/>
    <file name="u110891.png" crc="241698919" ref="misión"/>
    <file name="u110891-r.png" crc="87310371" ref="misión"/>
    <file name="u110891-m.png" crc="3882316603" ref="misión"/>
    <file name="u110891-a.png" crc="3808769776" ref="misión"/>
    <file name="u110849.png" crc="334817386" ref="misión"/>
    <file name="u110849-r.png" crc="4244462699" ref="misión"/>
    <file name="u110849-m.png" crc="403432768" ref="misión"/>
    <file name="u110849-a.png" crc="297255085" ref="misión"/>
    <file name="u110845.png" crc="3799388071" ref="misión"/>
    <file name="u110845-r.png" crc="3812655357" ref="misión"/>
    <file name="u110845-m.png" crc="522118585" ref="misión"/>
    <file name="u110845-a.png" crc="3786086007" ref="misión"/>
    <file name="u110863.png" crc="214940088" ref="misión"/>
    <file name="u110863-r.png" crc="272565395" ref="misión"/>
    <file name="u110863-m.png" crc="257195304" ref="misión"/>
    <file name="u110863-a.png" crc="3838650567" ref="misión"/>
    <file name="u110885.png" crc="11035285" ref="misión"/>
    <file name="u110885-r.png" crc="3870002158" ref="misión"/>
    <file name="u110885-m.png" crc="4120665715" ref="misión"/>
    <file name="u110885-a.png" crc="216914615" ref="misión"/>
    <file name="u110880-4-a.png" crc="3846718654" ref="misión"/>
    <file name="u110876.png" crc="3905009572" ref="misión"/>
    <file name="u110876-r.png" crc="420567778" ref="misión"/>
    <file name="u110876-m.png" crc="4022468393" ref="misión"/>
    <file name="u110876-a.png" crc="4141241300" ref="misión"/>
    <file name="u110836.png" crc="3759443836" ref="misión"/>
    <file name="u110836-r.png" crc="4106815925" ref="misión"/>
    <file name="u110836-m.png" crc="3899420960" ref="misión"/>
    <file name="u110836-a.png" crc="4242434533" ref="misión"/>
    <file name="u110859.png" crc="127426129" ref="misión"/>
    <file name="u110859-r.png" crc="4239577032" ref="misión"/>
    <file name="u110859-m.png" crc="186774836" ref="misión"/>
    <file name="u110859-a.png" crc="3849909553" ref="misión"/>
    <file name="recurso 11mision.png" crc="239218785" seo="true" ref="visión">
      <caption webpage="visión" alt=""/>
      <caption webpage="visión" alt=""/>
      <caption webpage="visión" alt=""/>
    </file>
    <file name="u77332-4.png" crc="4087537332" ref="visión"/>
    <file name="u2096-6.png" crc="4261813313" ref="visión"/>
    <file name="u77350-4.png" crc="3940097353" ref="visión"/>
    <file name="u111369.png" crc="241698919" ref="visión"/>
    <file name="u111369-r.png" crc="87310371" ref="visión"/>
    <file name="u111369-m.png" crc="3882316603" ref="visión"/>
    <file name="u111369-a.png" crc="3808769776" ref="visión"/>
    <file name="u111327.png" crc="334817386" ref="visión"/>
    <file name="u111327-r.png" crc="4244462699" ref="visión"/>
    <file name="u111327-m.png" crc="403432768" ref="visión"/>
    <file name="u111327-a.png" crc="297255085" ref="visión"/>
    <file name="u111323.png" crc="3799388071" ref="visión"/>
    <file name="u111323-r.png" crc="3812655357" ref="visión"/>
    <file name="u111323-m.png" crc="522118585" ref="visión"/>
    <file name="u111323-a.png" crc="3786086007" ref="visión"/>
    <file name="u111341.png" crc="214940088" ref="visión"/>
    <file name="u111341-r.png" crc="272565395" ref="visión"/>
    <file name="u111341-m.png" crc="257195304" ref="visión"/>
    <file name="u111341-a.png" crc="3838650567" ref="visión"/>
    <file name="u111363.png" crc="11035285" ref="visión"/>
    <file name="u111363-r.png" crc="3870002158" ref="visión"/>
    <file name="u111363-m.png" crc="4120665715" ref="visión"/>
    <file name="u111363-a.png" crc="216914615" ref="visión"/>
    <file name="u111358.png" crc="3814616255" ref="visión"/>
    <file name="u111358-r.png" crc="3910221446" ref="visión"/>
    <file name="u111358-m.png" crc="343018118" ref="visión"/>
    <file name="u111358-a.png" crc="3846718654" ref="visión"/>
    <file name="u111354-4-a.png" crc="4141241300" ref="visión"/>
    <file name="u111314.png" crc="3759443836" ref="visión"/>
    <file name="u111314-r.png" crc="4106815925" ref="visión"/>
    <file name="u111314-m.png" crc="3899420960" ref="visión"/>
    <file name="u111314-a.png" crc="4242434533" ref="visión"/>
    <file name="u111337.png" crc="127426129" ref="visión"/>
    <file name="u111337-r.png" crc="4239577032" ref="visión"/>
    <file name="u111337-m.png" crc="186774836" ref="visión"/>
    <file name="u111337-a.png" crc="3849909553" ref="visión"/>
  </folder>
  <file name="nosotros.html" crc="48945982" seo="true" mt="1621298249201" redirect="true"/>
  <file name="ofertas.html" crc="39240417" seo="true" mt="1621298253568" redirect="true"/>
  <file name="equipo.html" crc="4006944314" seo="true" mt="1621298257045" redirect="true"/>
  <file name="contactos.html" crc="3788082928" seo="true" mt="1621298260899" redirect="true"/>
  <file name="tienda.html" crc="3994895405" seo="true" mt="1621298263540" redirect="true"/>
  <file name="index.html" crc="3942059190" seo="true" mt="1621298267322" redirect="true"/>
  <file name="clientes.html" crc="363007290" seo="true" mt="1621298270436" redirect="true"/>
  <file name="misión.html" crc="3837734855" seo="true" mt="1621298272384" redirect="true"/>
  <file name="visión.html" crc="386403800" seo="true" mt="1621298274907" redirect="true"/>
</manifest>